acc_x, acc_y, angular_z, stamp, 
-0.028269410133361816, 0.008344709873199463, 1.9787886409120392e-06, 1738281936646825848
-0.0068672895431518555, 0.004556059837341309, 1.9915113986960374e-06, 1738281936676759035
0.025402843952178955, 0.03486210107803345, 1.6481545374145915e-10, 1738281936708244582
0.00914090871810913, 0.00936037302017212, 7.388760275993495e-11, 1738281936740012346
-0.025157570838928223, -0.0016279220581054688, 2.0107636999561518e-11, 1738281936766932548
-0.01244574785232544, 0.007238507270812988, -4.579277061693104e-12, 1738281936796887370
-0.02288079261779785, 0.026745915412902832, -6.482159219600872e-11, 1738281936826932624
0.006193041801452637, -0.022009432315826416, -6.441592097456939e-11, 1738281936857135986
0.017106354236602783, -0.015052199363708496, 1.9952519217994553e-06, 1738281936887008333
0.002903878688812256, 0.006284356117248535, -3.6847004370813084e-11, 1738281936917029872
-0.027363598346710205, -0.0011216998100280762, 7.246833386012401e-12, 1738281936948505159
-0.012599945068359375, 0.04540681838989258, 1.1479007530247907e-10, 1738281936980440118
0.014708101749420166, -0.003431081771850586, 3.6221784038097634e-10, 1738281937007258872
-0.005009472370147705, -0.016115903854370117, 3.8987272796415097e-10, 1738281937037222928
-0.003200709819793701, 0.017986714839935303, 3.518167120272103e-10, 1738281937067206480
-0.019161343574523926, 0.0016815662384033203, 3.6373743471459857e-10, 1738281937097240667
0.02949690818786621, -0.005591750144958496, -1.9836568341496267e-06, 1738281937127281604
0.04370701313018799, 0.0015668869018554688, 4.5519042310507453e-10, 1738281937157324476
0.01474618911743164, -0.02726036310195923, 3.215193787124297e-10, 1738281937187107953
-0.05000615119934082, 0.014047086238861084, 2.137768186928026e-10, 1738281937220154361
-0.0050852298736572266, -0.00030481815338134766, 2.40851818123075e-10, 1738281937247535693
0.014646708965301514, 0.02114647626876831, 2.2932974138078835e-10, 1738281937277437999
0.007148087024688721, -0.011393725872039795, 1.4531233713922306e-10, 1738281937307496760
0.010302245616912842, -0.013172626495361328, -3.526352572241279e-11, 1738281937337511996
-0.02047663927078247, -0.009561002254486084, -1.701765673936447e-10, 1738281937367573348
-0.036774396896362305, 0.012143433094024658, -1.9744661739382336e-10, 1738281937397586476
-0.0008277297019958496, 0.039001405239105225, -1.7772014292628148e-10, 1738281937428412952
0.029515564441680908, -0.007881104946136475, 1.856305719156626e-06, 1738281937460518891
0.005908846855163574, -0.009765923023223877, -4.034713618985632e-10, 1738281937487794403
-0.0013698339462280273, -0.03846973180770874, 1.9837233688159776e-06, 1738281937517835758
-0.013883233070373535, -0.02401190996170044, -3.1689487031163757e-10, 1738281937547872442
0.029100656509399414, 0.013930678367614746, -2.81758045649662e-10, 1738281937578044908
-0.04826921224594116, -0.012747228145599365, -2.3490600631652893e-10, 1738281937607920205
-0.03908044099807739, -0.0068833231925964355, -1.2646594235868622e-10, 1738281937638005345
-0.006411314010620117, 0.018571436405181885, -1.466885362336291e-11, 1738281937667108012
0.001222848892211914, 0.007804691791534424, 8.751523986110014e-13, 1738281937700113602
0.028245091438293457, 0.007854461669921875, -2.3388944684492285e-12, 1738281937728058198
-0.004036962985992432, 0.007859230041503906, -2.954475218773913e-12, 1738281937758132969
-0.00919431447982788, 0.02931654453277588, -1.0488059257600123e-12, 1738281937788059540
-0.02518099546432495, -0.0031426548957824707, 3.095979994507045e-11, 1738281937818115734
0.021667838096618652, -0.01937854290008545, 3.9883139484244815e-11, 1738281937848150734
0.012653827667236328, -0.02128458023071289, 2.849235118889036e-11, 1738281937878164457
0.021344244480133057, 0.005668997764587402, 1.9330502216140725e-11, 1738281937908731941
-0.002085268497467041, 0.0001798868179321289, 2.475583144987942e-11, 1738281937940319083
-0.03962165117263794, 0.00906682014465332, 2.351927098864405e-11, 1738281937970837711
-0.0053372979164123535, 0.02147728204727173, 4.971705511796329e-11, 1738281937998403784
0.014432430267333984, -0.025241971015930176, 9.221808751606216e-11, 1738281938028365259
-0.008963704109191895, -0.023482143878936768, 6.920210019713922e-11, 1738281938057389097
0.04123479127883911, 0.005247235298156738, 3.909326460833933e-11, 1738281938088438925
0.014129459857940674, -0.0002720355987548828, 3.010979150247996e-11, 1738281938118471796
0.010300934314727783, 0.006793856620788574, 1.917791490021263e-12, 1738281938148572804
-0.029405057430267334, 0.001249074935913086, -5.026700164575002e-11, 1738281938180344730
-0.02051621675491333, 0.03171414136886597, -7.756736699607608e-11, 1738281938211290255
-0.036539435386657715, -0.01148909330368042, -5.942246494696451e-11, 1738281938238678248
0.02488011121749878, 0.0076143741607666016, -0.0004038441447810839, 1738281938268639762
1.4505292177200317, 0.07418739795684814, -0.004365057418476264, 1738281938298666539
0.7436723709106445, 0.12063062191009521, 0.041191358519239045, 1738281938328706433
1.2911272048950195, -0.0012929439544677734, 0.08325683220771987, 1738281938358728542
0.7026553750038147, -0.11136609315872192, 0.09954576678123774, 1738281938388839790
0.26012682914733887, 0.18174678087234497, 0.08894970862808986, 1738281938420753131
1.0644232034683228, 0.09248465299606323, 0.12655015152440813, 1738281938452154001
0.7896873354911804, -0.15760618448257446, 0.19038651232069698, 1738281938478960699
0.5154017210006714, -0.120932936668396, 0.1737912971746898, 1738281938508924832
0.9758069515228271, 0.1678420901298523, 0.21522091896229742, 1738281938538992980
0.8344058990478516, 0.17177879810333252, 0.24121525680004882, 1738281938569017245
0.556128203868866, 0.0068489909172058105, 0.2555914347292927, 1738281938599014436
0.7502762675285339, 0.08547705411911011, 0.30720884253770075, 1738281938629133969
1.1230202913284302, 0.3612549901008606, 0.31685497184191613, 1738281938660596065
0.28153616189956665, 0.09372055530548096, 0.3092404536504249, 1738281938692147950
0.5250054001808167, 0.03103083372116089, 0.4240268380804575, 1738281938719236676
0.3956677317619324, 0.05704987049102783, 0.3991367473640051, 1738281938749238399
0.05834764242172241, 0.0938146710395813, 0.38338083104058435, 1738281938779258620
-0.04669064283370972, -0.06563699245452881, 0.3633118786223457, 1738281938809369158
-0.1817808747291565, 0.13601642847061157, 0.3868472666683471, 1738281938839452409
-0.3075486421585083, 0.17924201488494873, 0.4248406568252966, 1738281938869382537
0.1870899200439453, 0.03286480903625488, 0.41287440038623335, 1738281938900577861
0.11423760652542114, 0.1818869709968567, 0.3950363698169859, 1738281938932575175
0.03600364923477173, -0.18144237995147705, 0.46383009858833535, 1738281938959479537
-0.10754698514938354, 0.39021724462509155, 0.4054608152841356, 1738281938989541605
-0.2554358243942261, -0.0936393141746521, 0.39138725514798567, 1738281939019534545
-0.24933409690856934, 0.5775947570800781, 0.39149481127832314, 1738281939049609795
-0.08545523881912231, -0.04451340436935425, 0.3840446357639698, 1738281939079615017
-0.20581573247909546, 0.07827192544937134, 0.3951173838020231, 1738281939109678107
-0.20530039072036743, 0.4727631211280823, 0.42350660980425825, 1738281939140305046
-0.07446342706680298, 0.12118667364120483, 0.4196390437029825, 1738281939172122337
-0.04419076442718506, -0.001957416534423828, 0.4643379542055365, 1738281939199863204
0.4933618903160095, 0.6388591527938843, 0.43774097056228467, 1738281939229850450
-0.1700667142868042, -0.0806538462638855, 0.42239226606637864, 1738281939259864371
0.21524465084075928, 0.31468409299850464, 0.405499847252894, 1738281939290781853
-0.17103934288024902, -0.05698293447494507, 0.3947913735538913, 1738281939320000173
0.09659337997436523, 0.24515390396118164, 0.37827574008233855, 1738281939350880413
-0.02906012535095215, 0.23765164613723755, 0.40733685991129387, 1738281939380737351
-0.1591169834136963, 0.15297436714172363, 0.39254609435209936, 1738281939412160186
-0.12227582931518555, 0.14085710048675537, 0.44965424318209934, 1738281939440136790
-0.07648831605911255, 0.5246514678001404, 0.4264013977206544, 1738281939471411015
-0.11390185356140137, 0.31179875135421753, 0.4386353016502948, 1738281939500784478
-0.15652716159820557, 0.4630913734436035, 0.4217255384041452, 1738281939530741330
-0.19500011205673218, 0.19006800651550293, 0.43221825771495587, 1738281939560114641
0.017392218112945557, 0.2504129409790039, 0.40712842958745, 1738281939590856356
0.08816361427307129, 0.572270393371582, 0.4016027751414781, 1738281939620807650
0.19223922491073608, 0.14425688982009888, 0.378130100411497, 1738281939652537565
-0.049571454524993896, 0.003670334815979004, 0.40630241337140444, 1738281939682322794
0.5193437337875366, 0.6814159154891968, 0.4328841255304293, 1738281939710953967
0.039906203746795654, 0.0845155119895935, 0.3955252988412693, 1738281939740815385
-0.2635232210159302, 0.4207431674003601, 0.40079262673676136, 1738281939770932455
-0.01866137981414795, 0.27449333667755127, 0.43014871588088177, 1738281939800852075
0.14823520183563232, 0.07889872789382935, 0.4358083033846281, 1738281939830856445
-0.05404174327850342, 0.40857529640197754, 0.41494103344576533, 1738281939860863510
0.32056528329849243, 0.0033841729164123535, 0.4058187476442977, 1738281939893135020
-0.32138198614120483, 0.28083962202072144, 0.4307658121022897, 1738281939923711022
0.1902841329574585, 0.11831051111221313, 0.474642000267552, 1738281939950925882
-0.10115855932235718, -0.006682753562927246, 0.421423101375306, 1738281939980846215
0.20719671249389648, 0.3324478268623352, 0.40555816672234285, 1738281940010913883
0.2569207549095154, -0.1567644476890564, 0.38574001442903216, 1738281940040936625
-0.04966902732849121, 0.24998879432678223, 0.40183094201665503, 1738281940070969996
-0.23225617408752441, 0.26081568002700806, 0.40213247655716755, 1738281940101024234
0.110576331615448, -0.2305728793144226, 0.387172782789379, 1738281940132732385
0.07940894365310669, 0.3766170144081116, 0.3882795557267548, 1738281940164245160
-0.3691421151161194, 0.04653525352478027, 0.47269993541330857, 1738281940191363496
-0.26741307973861694, -0.02963489294052124, 0.4452478502907581, 1738281940221055822
0.06363636255264282, 0.10293114185333252, 0.4207677608331823, 1738281940251141827
-0.01660102605819702, 0.29435330629348755, 0.4153380506351836, 1738281940281062971
-0.005264163017272949, 0.18057405948638916, 0.4134473863098355, 1738281940311124499
-0.10464978218078613, 0.41810041666030884, 0.39935288072333547, 1738281940341120148
-0.05228281021118164, -0.1143258810043335, 0.3796286607128629, 1738281940372203094
0.28380095958709717, 0.33219683170318604, 0.37713759722267465, 1738281940404571380
-0.35239559412002563, 0.11809945106506348, 0.4731847981319839, 1738281940431272020
0.22602587938308716, 0.49741053581237793, 0.4230129806850605, 1738281940461210753
-0.30769842863082886, -0.15249043703079224, 0.4159215658048458, 1738281940491278167
0.09438085556030273, 0.3512578010559082, 0.43663013228973546, 1738281940521279660
-0.46899789571762085, 0.3150561451911926, 0.43144084060875443, 1738281940551395863
-0.09470868110656738, -0.09061837196350098, 0.42241464846726207, 1738281940581416876
-0.3232225775718689, 0.1740121841430664, 0.4124522708466462, 1738281940612177615
0.34659212827682495, -0.001958489418029785, 0.3487301528197473, 1738281940644265070
-0.0737372636795044, -0.059113919734954834, 0.41172712005828915, 1738281940671515081
0.27757155895233154, 0.18457621335983276, 0.4026115247569132, 1738281940701510066
-0.08345597982406616, 0.23236846923828125, 0.42229550949503025, 1738281940731520042
-0.3345133662223816, -0.08675724267959595, 0.42551464415173507, 1738281940761588235
0.32900261878967285, 0.11757314205169678, 0.4034082305001307, 1738281940791616535
-0.42665672302246094, 0.004929244518280029, 0.4105574010318688, 1738281940821702310
0.28406715393066406, 0.125862717628479, 0.42787033823210124, 1738281940852693724
-0.01859360933303833, 0.044397711753845215, 0.43144032975353586, 1738281940884530607
-0.6029830574989319, 0.1558624505996704, 0.47154520873135924, 1738281940911843225
0.04788005352020264, 0.26421523094177246, 0.39239760660092377, 1738281940941913543
-0.08390355110168457, -0.22217071056365967, 0.3862566970798581, 1738281940971902789
0.27869486808776855, 0.31431740522384644, 0.4179389129535651, 1738281941001954880
-0.25859779119491577, 0.4970323443412781, 0.4091010834496343, 1738281941032052364
-0.04083448648452759, -0.34205377101898193, 0.38611620098343136, 1738281941062123923
-0.23852813243865967, 0.34018850326538086, 0.39403466321930203, 1738281941092349697
0.11006540060043335, 0.14263761043548584, 0.37678576378516593, 1738281941124468091
-0.24620729684829712, 0.1898665428161621, 0.4655641379752581, 1738281941151075436
0.4412745237350464, 0.16793906688690186, 0.40536447375568496, 1738281941182055001
0.13962316513061523, 0.03180074691772461, 0.4342119304005936, 1738281941212112845
-0.007302224636077881, 0.15547233819961548, 0.43554047035751225, 1738281941242130425
0.038469791412353516, -0.07171207666397095, 0.4268301342074779, 1738281941272157431
-0.3836354613304138, 0.23423069715499878, 0.4210527332881707, 1738281941302227369
0.1072511076927185, 0.29911911487579346, 0.418515679874403, 1738281941332323694
-0.07310277223587036, 0.012726068496704102, 0.37695335786440054, 1738281941364714182
-0.3604363203048706, -0.043470680713653564, 0.4314800064047183, 1738281941392344095
-0.16700106859207153, 0.40796959400177, 0.41700371299517797, 1738281941422344283
-0.2430553436279297, 0.10320347547531128, 0.41418369110760755, 1738281941452382503
0.23256611824035645, 0.3282635807991028, 0.41114908580080745, 1738281941482404629
0.1494167447090149, 0.13366681337356567, 0.4217394928780841, 1738281941512473934
0.11923152208328247, 0.08035266399383545, 0.42597677793519123, 1738281941542523639
-0.18824732303619385, 0.6320225596427917, 0.4288769262489826, 1738281941572482947
-0.18659663200378418, -0.002263188362121582, 0.4017121039214822, 1738281941603514793
0.0020089149475097656, 0.241050124168396, 0.3841415033387166, 1738281941635426288
0.01663529872894287, 0.3682106137275696, 0.4558031097086164, 1738281941662755125
-0.1949968934059143, 0.29597699642181396, 0.41164206970472655, 1738281941692664081
-0.6021110415458679, 0.03204822540283203, 0.393607913228619, 1738281941722706074
0.255237877368927, 0.446125864982605, 0.4043739527717435, 1738281941752741386
-0.09583419561386108, -0.01826322078704834, 0.4214021814000321, 1738281941782774284
0.5655165910720825, 0.33020085096359253, 0.4223522469845347, 1738281941812937751
-0.2533726096153259, 0.19386029243469238, 0.41282515413833754, 1738281941844281041
0.06985169649124146, 0.1447439193725586, 0.3996877077430719, 1738281941876186009
0.021790921688079834, 0.22376590967178345, 0.4717436788038669, 1738281941902999314
-0.010305583477020264, -0.06313276290893555, 0.4163190925825941, 1738281941932931783
-0.11288535594940186, 0.22533541917800903, 0.4118634863566127, 1738281941962982264
-0.16280800104141235, -0.14688122272491455, 0.39887375852395623, 1738281941993031448
-0.07049560546875, 0.20084333419799805, 0.3900855224132797, 1738281942023068050
-0.20687824487686157, -0.07744449377059937, 0.40849524470183174, 1738281942053128962
0.15390634536743164, -0.17258930206298828, 0.397681830763134, 1738281942084358740
0.24070554971694946, 0.14712649583816528, 0.3783532572572692, 1738281942116301889
-0.4031803607940674, 0.014139235019683838, 0.46235516385306386, 1738281942143233318
0.22889232635498047, -0.18497347831726074, 0.43173839920547186, 1738281942173215467
-0.16033679246902466, 0.0158424973487854, 0.42315912534640693, 1738281942203250900
0.18227773904800415, -0.013278007507324219, 0.4117974818598413, 1738281942233291461
-0.092551589012146, -0.014839887619018555, 0.4075185512343506, 1738281942263359591
-0.14614719152450562, 0.07899510860443115, 0.40774771321367265, 1738281942293386273
-0.16662245988845825, 0.19326108694076538, 0.3910024364535333, 1738281942324684869
0.009393930435180664, -0.22705304622650146, 0.3911434640563502, 1738281942356575544
-0.009176433086395264, 0.2050580382347107, 0.4782792422034271, 1738281942383540337
-0.25828880071640015, 0.16716217994689941, 0.4139272981625884, 1738281942413505432
0.10368525981903076, 0.04936021566390991, 0.35692159179185357, 1738281942436362849
-0.3484184145927429, 0.2952173948287964, 0.45675994906242456, 1738281942473575572
0.052150726318359375, 0.2320801019668579, 0.4320956439262144, 1738281942502651896
-0.3604850172996521, 0.05241811275482178, 0.3888256042108806, 1738281942533712958
0.04726511240005493, 0.38345634937286377, 0.4057222726419793, 1738281942564363973
-0.19149351119995117, 0.3725379705429077, 0.38545563798420635, 1738281942596336806
-0.029824018478393555, -0.00012552738189697266, 0.4436532598583878, 1738281942623812163
0.3417344093322754, 0.558943510055542, 0.4183854126164046, 1738281942653816142
-0.33597493171691895, 0.04907190799713135, 0.4050867579210573, 1738281942683897649
-0.18128257989883423, 0.3917620778083801, 0.4076948510758124, 1738281942713951639
-0.45396238565444946, 0.35806864500045776, 0.4094946227205408, 1738281942744138654
-0.5041497349739075, 0.18502110242843628, 0.41429455061330805, 1738281942773991406
0.10154229402542114, 0.28647685050964355, 0.3968360324011024, 1738281942804643023
-0.16745316982269287, 0.1620694398880005, 0.37372122499542254, 1738281942836784641
0.009279847145080566, 0.09591752290725708, 0.45921259817313964, 1738281942864120399
-0.17821931838989258, 0.3928067684173584, 0.45789919914181654, 1738281942893106615
-0.048104166984558105, 0.26717567443847656, 0.4271597949988029, 1738281942923108795
-0.040326833724975586, 0.1674148440361023, 0.39623855569844485, 1738281942954206313
0.21591657400131226, 0.2896881699562073, 0.4177163507982935, 1738281942984178817
-0.12332570552825928, -0.12204974889755249, 0.4114336765559004, 1738281943014250724
0.2830691933631897, 0.40524470806121826, 0.39787322015527266, 1738281943044330718
-0.224354088306427, 0.17034554481506348, 0.3561266242086481, 1738281943076567332
-0.3776392340660095, -0.046498000621795654, 0.42265161297623033, 1738281943104331392
0.43406617641448975, 0.182031512260437, 0.432072265618211, 1738281943134463480
-0.4374341368675232, 0.04768174886703491, 0.4440940141504557, 1738281943164372560
-0.17017918825149536, 0.3201725482940674, 0.4216998016767436, 1738281943194405607
-0.3036462068557739, -0.23350214958190918, 0.41508660822747906, 1738281943224440679
-0.24509716033935547, 0.06083500385284424, 0.4219274850720357, 1738281943254588673
0.14940911531448364, 0.17909032106399536, 0.4196899339241256, 1738281943284768815
0.0850268006324768, -0.04265791177749634, 0.38051350512079624, 1738281943316957835
0.22077971696853638, -0.1186676025390625, 0.3953363705789809, 1738281943346651493
-0.1401078701019287, 0.29850393533706665, 0.4356461953155224, 1738281943374630739
0.25834381580352783, -0.055836021900177, 0.4284897923173036, 1738281943403676913
-0.13492172956466675, 0.10015660524368286, 0.3963701635909096, 1738281943434725567
-0.05334275960922241, -0.07687509059906006, 0.42481873783379387, 1738281943464754068
-0.12060701847076416, 0.17481845617294312, 0.4275308891227305, 1738281943494770711
0.023009657859802246, 0.1526525616645813, 0.4159938483430823, 1738281943524907544
-0.3324727416038513, 0.18087148666381836, 0.39865941638516655, 1738281943556542361
-0.26613038778305054, -0.25022006034851074, 0.38333440808439234, 1738281943587699919
0.4197450280189514, 0.4245741367340088, 0.4471892608388044, 1738281943615025465
-0.06697273254394531, 0.04511338472366333, 0.40692147756943536, 1738281943644980354
0.19010436534881592, 0.17227429151535034, 0.4078020527452739, 1738281943674988444
0.22460341453552246, 0.1425178050994873, 0.42354337851708135, 1738281943704133997
-0.17039954662322998, 0.23986750841140747, 0.3898923630971868, 1738281943735189584
-0.30906206369400024, 0.3981015086174011, 0.4115395736909473, 1738281943765289658
-0.21663898229599, 0.197656512260437, 0.4111209956487731, 1738281943796801576
-0.2381865382194519, 0.42713165283203125, 0.39680909222033833, 1738281943828519058
-0.229775071144104, 0.3250739574432373, 0.4601895068070429, 1738281943855262296
-0.024228990077972412, 0.15510278940200806, 0.40769804522597675, 1738281943885423401
0.0015783905982971191, 0.27990078926086426, 0.41776136751341986, 1738281943915280282
0.384701132774353, 0.44060981273651123, 0.42138135584119624, 1738281943945351910
0.16274386644363403, 0.3170204758644104, 0.4126976620304502, 1738281943975444600
-0.23712551593780518, 0.0007265806198120117, 0.40485422620472555, 1738281944005459678
0.047819316387176514, 0.308124840259552, 0.39883293804869147, 1738281944036693508
0.1928272247314453, 0.23571425676345825, 0.3721129255029785, 1738281944068557792
-0.2989428639411926, 0.0968894362449646, 0.4500615133661354, 1738281944095497255
-0.3101716637611389, 0.054972946643829346, 0.406733631691954, 1738281944125557610
-0.04044222831726074, -0.13488101959228516, 0.39932312463001074, 1738281944155587516
-0.36452561616897583, 0.544188380241394, 0.4037311926261302, 1738281944185687190
0.3247454762458801, -0.05453526973724365, 0.43741372141668033, 1738281944215674553
-0.43262529373168945, 0.2898261547088623, 0.4278277615064972, 1738281944245691411
0.2691962718963623, -0.08983248472213745, 0.40284495268617343, 1738281944276479356
-0.010814189910888672, 0.1984187364578247, 0.3918426598684607, 1738281944309036006
0.07397156953811646, 0.07944023609161377, 0.46311011962560295, 1738281944335820083
0.2619572877883911, 0.025088071823120117, 0.3974096725556314, 1738281944365883290
-0.39262306690216064, 0.13864117860794067, 0.3964190315356393, 1738281944395956914
-0.2696055769920349, 0.5009042620658875, 0.40952853444516985, 1738281944425979652
0.017509043216705322, -0.01650303602218628, 0.4189528332630855, 1738281944456160457
-0.35390329360961914, -0.16675370931625366, 0.43714869889189895, 1738281944485100908
-0.009857594966888428, 0.08198940753936768, 0.41982828152538776, 1738281944516471243
-0.041960835456848145, 0.29315853118896484, 0.38667640325102626, 1738281944548840112
0.11281323432922363, -0.2631807327270508, 0.44196991467385077, 1738281944576128189
-0.4091692566871643, 0.018401026725769043, 0.4221115123340705, 1738281944606226434
-0.12058055400848389, 0.06138169765472412, 0.4094321431316222, 1738281944636150832
-0.03693145513534546, 0.07852506637573242, 0.37518056738473454, 1738281944666215740
-0.022137880325317383, -0.17694294452667236, 0.3861833388307418, 1738281944696220932
-0.18691182136535645, -0.0046120285987854, 0.4147304935323139, 1738281944726259969
0.1475313901901245, -0.039294421672821045, 0.4108290425973119, 1738281944757327163
-0.2202838659286499, 0.28612810373306274, 0.4110490489853714, 1738281944788088684
-0.19426894187927246, -0.3493240475654602, 0.435781187637729, 1738281944816416536
0.08615446090698242, 0.44389718770980835, 0.44186792846267403, 1738281944846450052
-0.5527395606040955, -0.020989537239074707, 0.431603107294856, 1738281944876407359
0.006567656993865967, 0.3480594754219055, 0.4262982370834078, 1738281944906530991
-0.43749308586120605, 0.10034936666488647, 0.4027857803833168, 1738281944936516507
0.19707316160202026, 0.10843521356582642, 0.3940404055410961, 1738281944966594865
0.1840772032737732, 0.6302828788757324, 0.4061422416565894, 1738281944996548812
-0.16307604312896729, -0.055779874324798584, 0.3669554711969537, 1738281945028579321
-0.4424334168434143, 0.24036675691604614, 0.38495363018865864, 1738281945058714216
0.04440885782241821, 0.45397019386291504, 0.42679798141287056, 1738281945086782576
0.05184328556060791, 0.4192928671836853, 0.43015628585111715, 1738281945116712313
-0.1406334638595581, 0.3414011001586914, 0.43881068479051405, 1738281945145775186
0.13360637426376343, 0.1736288070678711, 0.41596586429203775, 1738281945175806949
-0.06943392753601074, 0.2071433663368225, 0.40829347651079334, 1738281945207064566
0.030405282974243164, 0.4108690023422241, 0.4387530012738223, 1738281945236893672
0.05767488479614258, 0.32727229595184326, 0.38943747189768535, 1738281945269319804
-0.1731281280517578, 0.16771948337554932, 0.3911679683486828, 1738281945299424612
-0.09308648109436035, 0.1371493935585022, 0.4403345991762957, 1738281945327044162
-0.46468526124954224, 0.21332401037216187, 0.41710312417419293, 1738281945356090826
-0.046157002449035645, -0.17299556732177734, 0.3344916916550782, 1738281945379854205
-0.3166012167930603, 0.10586744546890259, 0.4425564619283378, 1738281945416105923
0.23503822088241577, 0.030304312705993652, 0.382178107728047, 1738281945447145846
-0.3473548889160156, 0.35891836881637573, 0.41471204259346, 1738281945477548102
0.1671634316444397, 0.234508216381073, 0.41732989685876515, 1738281945508769663
0.18162590265274048, 0.18075168132781982, 0.4207250578830803, 1738281945539984696
0.21160179376602173, 0.10200542211532593, 0.4780214239312563, 1738281945567311817
-0.012209415435791016, -0.0871320366859436, 0.42097513643838935, 1738281945597310219
-0.4038204550743103, 0.37063896656036377, 0.41174839007735625, 1738281945627371190
0.17303144931793213, 0.2795654535293579, 0.41133533292377344, 1738281945657381982
-0.12961608171463013, 0.10209059715270996, 0.3867395811931986, 1738281945687445822
0.026722431182861328, 0.30795979499816895, 0.3717347544559074, 1738281945717496709
-0.31827908754348755, 0.11014312505722046, 0.39464352682926207, 1738281945748723286
-0.2973833680152893, 0.3949809670448303, 0.4040876006074143, 1738281945780095505
0.225552499294281, 0.10604876279830933, 0.4823357832088037, 1738281945807688816
0.1843847632408142, 0.3577702045440674, 0.4454386588316995, 1738281945837583033
-0.11906081438064575, 0.0747113823890686, 0.4207316022880135, 1738281945867625579
-0.11617928743362427, 0.4139775037765503, 0.4156432389146539, 1738281945897682246
-0.39703845977783203, 0.35325872898101807, 0.4124504983308356, 1738281945927715641
0.10410261154174805, 0.056124866008758545, 0.41447999121675005, 1738281945957757585
0.10197043418884277, 0.3163325786590576, 0.3812235293664974, 1738281945988760040
0.08088105916976929, 0.449093759059906, 0.3424065012971634, 1738281946020977015
-0.6060064435005188, -0.03525364398956299, 0.43651686033865417, 1738281946046914627
0.1413457989692688, 0.4450892210006714, 0.41865150024244746, 1738281946077871783
-0.13621431589126587, 0.17626488208770752, 0.4287322705086514, 1738281946107979888
0.36002641916275024, 0.23309630155563354, 0.42248583491334263, 1738281946137983066
-0.31368720531463623, 0.03759866952896118, 0.4389002006273855, 1738281946168295654
0.18777525424957275, 0.5083043575286865, 0.45720969316244814, 1738281946197112502
-0.054587602615356445, 0.08649671077728271, 0.39425581262858583, 1738281946229172343
0.06737440824508667, 0.26142722368240356, 0.3922105197703778, 1738281946260701822
-0.15777581930160522, 0.3572739362716675, 0.4466207678898973, 1738281946288148749
0.05782628059387207, 0.1073765754699707, 0.4045721363370184, 1738281946318159058
0.033202946186065674, 0.251947820186615, 0.39301371569938, 1738281946348218720
-0.149647057056427, 0.402582585811615, 0.40468507737467174, 1738281946378259123
-0.1712079644203186, 0.2902458906173706, 0.4058506933519519, 1738281946408278064
-0.4041159749031067, -0.060552775859832764, 0.41099012673073565, 1738281946438342067
0.05941516160964966, 0.35096442699432373, 0.4190352167152146, 1738281946468708548
0.08386075496673584, 0.39958661794662476, 0.38750793014641904, 1738281946501308711
-0.09380322694778442, -0.19247227907180786, 0.460012115823228, 1738281946528449700
0.4134811758995056, 0.4389897584915161, 0.4456081831132183, 1738281946558434829
0.004337430000305176, 0.06944543123245239, 0.41603772073170353, 1738281946588467082
0.5478042364120483, -0.11747390031814575, 0.404428640924745, 1738281946618498146
-0.5095270276069641, 0.23803961277008057, 0.3993211303342537, 1738281946648541244
-0.18887007236480713, 0.03493386507034302, 0.40445465087444127, 1738281946678571984
-0.23052024841308594, 0.3706652522087097, 0.4239199525203326, 1738281946708802230
-0.11257117986679077, -0.1097482442855835, 0.37752424964439163, 1738281946741574020
-0.20333987474441528, 0.034347593784332275, 0.4251370132704606, 1738281946770762020
-0.42482608556747437, 0.44609934091567993, 0.44831122407956764, 1738281946798703501
-0.2443205714225769, -0.10246968269348145, 0.4189983512871766, 1738281946828753709
-0.009741783142089844, 0.4604335427284241, 0.40675190056036864, 1738281946850379170
0.1398283839225769, 0.19217580556869507, 0.46014784855277496, 1738281946878895508
-0.22344475984573364, 0.44970643520355225, 0.4421806559687182, 1738281946907833794
-0.22491472959518433, 0.07351988554000854, 0.39788575129969733, 1738281946938888096
0.11479437351226807, 0.3747972249984741, 0.41178700937936324, 1738281946968900137
-0.10098320245742798, 0.37277281284332275, 0.39691659170240123, 1738281946998962088
-0.23608869314193726, 0.14225471019744873, 0.3876349796188594, 1738281947029012341
0.014132499694824219, 0.2248820662498474, 0.35449415401175033, 1738281947061688247
-0.052026331424713135, 0.42466986179351807, 0.39965827564001766, 1738281947091098213
0.28375232219696045, 0.33489155769348145, 0.4437062028983018, 1738281947119155518
-0.046000659465789795, -0.12133079767227173, 0.4315809915920329, 1738281947149143954
0.08398640155792236, 0.5546121001243591, 0.45107201465713237, 1738281947179187786
-0.07550603151321411, 0.3250797390937805, 0.45250401386647776, 1738281947209214971
-0.04445534944534302, 0.08414924144744873, 0.4288982478027696, 1738281947239220813
-0.15547823905944824, 0.24059921503067017, 0.4170294814046236, 1738281947269321255
-0.18525928258895874, -0.1628621220588684, 0.3921090595224983, 1738281947301118386
-0.11537176370620728, 0.17062509059906006, 0.38265026667413443, 1738281947332580636
-0.11932742595672607, 0.1382313370704651, 0.44533878299625435, 1738281947359420341
-0.2473554015159607, 0.44565480947494507, 0.40388774949092937, 1738281947389430805
-0.25360220670700073, -0.13274246454238892, 0.3989420318192856, 1738281947419460933
0.19994229078292847, -0.04506814479827881, 0.42380853088269194, 1738281947449481947
0.11470919847488403, 0.4777367115020752, 0.42884792692441054, 1738281947479515598
-0.3911062479019165, 0.26781564950942993, 0.417277809494339, 1738281947509552105
0.17654073238372803, 0.013776957988739014, 0.3952337409128646, 1738281947541608517
0.10217779874801636, 0.3311416506767273, 0.39211211958431713, 1738281947573279598
-0.2707284688949585, 0.20776546001434326, 0.4539412748400812, 1738281947599728535
-0.35689055919647217, 0.32632285356521606, 0.4159242701156172, 1738281947629655499
0.03606683015823364, 0.23952412605285645, 0.4119395513412149, 1738281947659712201
-0.12776225805282593, 0.27941733598709106, 0.41396833495028657, 1738281947689806354
-0.022241652011871338, 0.21183663606643677, 0.40163833927213927, 1738281947719794251
-0.240841805934906, 0.23471182584762573, 0.40573467672064395, 1738281947749984120
-0.24053937196731567, 0.2972956895828247, 0.41273925716229704, 1738281947780803265
0.045863211154937744, 0.3282220959663391, 0.40265012799671246, 1738281947812847311
-0.3253173232078552, 0.526667058467865, 0.4641007332731873, 1738281947840149843
0.31445008516311646, 0.19175344705581665, 0.4258091510121183, 1738281947870004820
-0.3697693347930908, -0.3329647183418274, 0.4081670981090048, 1738281947900318222
0.49860572814941406, 0.5210496187210083, 0.43541057891482343, 1738281947930145261
-0.14701080322265625, 0.09090220928192139, 0.4151387761451998, 1738281947960178829
0.3264450430870056, 0.36334216594696045, 0.3913653522739097, 1738281947990138997
-0.2722095251083374, 0.1650850772857666, 0.3835809337570666, 1738281948021482201
-0.3874562978744507, 0.1715550422668457, 0.3911880955574094, 1738281948052651914
-0.37403613328933716, 0.4571157693862915, 0.44185691482513384, 1738281948080310674
-0.14515691995620728, 0.32726728916168213, 0.3973924786308173, 1738281948110440706
0.017934441566467285, 0.25611573457717896, 0.40313932065723995, 1738281948140274430
-0.17859786748886108, 0.23776519298553467, 0.43726329273189474, 1738281948170307949
-0.007740020751953125, 0.45503246784210205, 0.4459352906745407, 1738281948200394286
-0.018330097198486328, 0.16539311408996582, 0.43053603046918515, 1738281948230709509
0.12454915046691895, 0.4619958996772766, 0.43595970184054667, 1738281948260820900
0.19321835041046143, 0.16335666179656982, 0.39525706947262446, 1738281948292963143
-0.0438724160194397, 0.4144362807273865, 0.44556805524072896, 1738281948320536193
0.17927157878875732, 0.1624279022216797, 0.38862129757524394, 1738281948351198107
-0.14373618364334106, 0.017413616180419922, 0.38287931624652966, 1738281948381190885
-0.2905377149581909, 0.6277403235435486, 0.3932388662121436, 1738281948411220038
-0.10904741287231445, 0.4846380949020386, 0.38589269871363974, 1738281948441482165
-0.22785955667495728, -0.2815251350402832, 0.4172191072834266, 1738281948471278609
-0.14666122198104858, 0.5861935615539551, 0.43075891141597966, 1738281948501343471
-0.008024811744689941, 0.03597217798233032, 0.43437418330242705, 1738281948532078904
-0.2292078137397766, 0.35081809759140015, 0.4309152162465363, 1738281948562805879
0.5583825707435608, -0.05796104669570923, 0.4402629544732733, 1738281948591415108
-0.08812057971954346, 0.0007395744323730469, 0.4030459082692572, 1738281948621309519
0.03882396221160889, 0.4311964511871338, 0.39059501039253214, 1738281948651313253
-0.0036904215812683105, 0.03178507089614868, 0.38934777502918505, 1738281948681331122
-0.13178163766860962, 0.26576441526412964, 0.39866099902880386, 1738281948711368627
-0.12958043813705444, 0.3541502356529236, 0.4111499993837693, 1738281948741457896
-0.00033408403396606445, 0.13417714834213257, 0.40153742638040424, 1738281948772714668
-0.24198710918426514, 0.3102613091468811, 0.40747752409621424, 1738281948803575002
0.26032155752182007, 0.11274641752243042, 0.4713213561686448, 1738281948831369295
-0.29040223360061646, 0.4942249655723572, 0.4421125529505311, 1738281948861483736
-0.1396341323852539, 0.10937321186065674, 0.42950286313549785, 1738281948891498176
0.1353311538696289, 0.4362031817436218, 0.4203550669351056, 1738281948921411624
0.11170482635498047, 0.27835798263549805, 0.3944174205804027, 1738281948951473004
0.2717086672782898, 0.37891626358032227, 0.40230111959091114, 1738281948981639919
-0.07097673416137695, -0.013370215892791748, 0.39078122438594837, 1738281949012708462
-0.10923832654953003, 0.4101946949958801, 0.3701721038603964, 1738281949045184862
-0.3132157325744629, 0.3682438135147095, 0.4537724869311505, 1738281949071567647
-0.0033103227615356445, 0.40539121627807617, 0.4094128154559951, 1738281949101581214
-0.6925474405288696, 0.2679852843284607, 0.4171727799663821, 1738281949131647610
0.315146803855896, 0.23531490564346313, 0.4370750604721749, 1738281949161626651
-0.04924219846725464, 0.30982351303100586, 0.4359060098128659, 1738281949191608714
0.2435014843940735, 0.08252525329589844, 0.4307765991778752, 1738281949221700540
0.4599849581718445, 0.34620440006256104, 0.4227658112709385, 1738281949252733896
-0.038754284381866455, -0.041554152965545654, 0.3863826872147753, 1738281949284976605
0.26719146966934204, 0.17696607112884521, 0.4405071423194615, 1738281949321700230
-0.014765262603759766, 0.3457493782043457, 0.4005348034040669, 1738281949351905647
-0.2425386905670166, 0.12045854330062866, 0.4087552384263515, 1738281949381766223
-0.017199397087097168, 0.15271198749542236, 0.3950976287487841, 1738281949413048084
0.14153730869293213, 0.32833391427993774, 0.37452862011580274, 1738281949444982413
-0.19729971885681152, 0.08171993494033813, 0.4492429163642893, 1738281949471814879
0.0682976245880127, 0.14193767309188843, 0.4202329406806818, 1738281949501909153
-0.026481986045837402, 0.3026244640350342, 0.44256793625727536, 1738281949531931398
0.06557995080947876, 0.4225383400917053, 0.4435409169315719, 1738281949561404822
-0.0817071795463562, 0.2753506898880005, 0.41258390533725514, 1738281949592314053
0.29854291677474976, 0.20891493558883667, 0.4197392101895877, 1738281949622195399
-0.3849075436592102, 0.25582605600357056, 0.4180701636682886, 1738281949652726031
-0.3330218195915222, 0.3110730051994324, 0.3684151951076125, 1738281949685221756
0.26965951919555664, 0.3274209499359131, 0.4217365943424278, 1738281949712212680
-0.24138110876083374, 0.03697812557220459, 0.3792707058929055, 1738281949742178809
0.2677679657936096, 0.43236058950424194, 0.4015457862826322, 1738281949772215169
-0.09098416566848755, 0.18722206354141235, 0.4428184376629176, 1738281949802262170
0.4017915725708008, 0.13575422763824463, 0.43499017812461427, 1738281949832276773
0.023228824138641357, -0.02658921480178833, 0.43192352881683377, 1738281949862373465
0.16184592247009277, 0.2627151608467102, 0.41351160187201563, 1738281949892796046
0.4733508229255676, 0.1268932819366455, 0.39044539690024344, 1738281949924170671
-0.3660016655921936, 0.10187357664108276, 0.44096827821504464, 1738281949952500963
0.1546177864074707, 0.10313963890075684, 0.4170846356922556, 1738281949982457663
0.1150658130645752, -0.01713031530380249, 0.3934146687505864, 1738281950012528576
-0.07079213857650757, 0.16553878784179688, 0.3905300212926229, 1738281950042519019
-0.1673504114151001, 0.037896573543548584, 0.39687137448703247, 1738281950072569414
-0.2536501884460449, 0.22926706075668335, 0.4021355851325317, 1738281950102625951
-0.012113690376281738, -0.10851198434829712, 0.4177021822925522, 1738281950133241412
-0.004503846168518066, 0.32575279474258423, 0.40927239021755, 1738281950164794285
-0.16835355758666992, -0.10972648859024048, 0.414801203872516, 1738281950194837281
-0.010156631469726562, 0.2187591791152954, 0.452131847597557, 1738281950222790678
-0.21396136283874512, 0.006463944911956787, 0.41605654735385295, 1738281950252797737
0.18022185564041138, 0.39957261085510254, 0.4293558143540187, 1738281950282807943
0.06938034296035767, 0.17699456214904785, 0.4165618167671575, 1738281950312864759
-0.29862022399902344, 0.1692858338356018, 0.39101952648501126, 1738281950342886458
-0.340770423412323, 0.12024688720703125, 0.402760415220132, 1738281950372897749
0.12807977199554443, 0.2680171728134155, 0.3989652052471648, 1738281950405034217
-0.463100790977478, 0.20814579725265503, 0.39528582997500444, 1738281950435533255
0.4863088130950928, 0.46315687894821167, 0.44091434375839994, 1738281950463017984
-0.21970266103744507, 0.15020853281021118, 0.4067385980468011, 1738281950492090866
-0.21573644876480103, 0.3624170422554016, 0.4028701950771097, 1738281950521082119
0.2745359539985657, 0.24792498350143433, 0.40240126900001694, 1738281950553155624
-0.26708775758743286, 0.05774271488189697, 0.4360117519669836, 1738281950583227873
0.16080987453460693, 0.3392009735107422, 0.4291020534392833, 1738281950613268814
-0.18749499320983887, -0.08299809694290161, 0.39355580704178456, 1738281950645438694
-0.0188104510307312, 0.1827978491783142, 0.4113680472717251, 1738281950676268649
-0.015578806400299072, 0.24830752611160278, 0.47322223074639563, 1738281950703362012
-0.16713130474090576, -0.014969587326049805, 0.4014590497297733, 1738281950733378225
0.03468143939971924, 0.3221704363822937, 0.3964063683009698, 1738281950763423973
-0.13124072551727295, 0.06994062662124634, 0.3951492742552929, 1738281950793454709
0.4693939685821533, 0.14999687671661377, 0.40934155300072383, 1738281950823479437
0.054808080196380615, 0.1416693925857544, 0.4197678798468088, 1738281950853577704
0.06344848871231079, 0.1949048638343811, 0.4131049302074782, 1738281950884781379
-0.04662221670150757, 0.07825475931167603, 0.3877168547645776, 1738281950916855522
0.39548319578170776, -0.09538155794143677, 0.47623588063586486, 1738281950943652046
-0.2803414463996887, 0.304878294467926, 0.4174281673206141, 1738281950973626432
-0.006621301174163818, -0.08240395784378052, 0.4081002895457813, 1738281951003674170
-0.14072167873382568, 0.3253691792488098, 0.4010224050158388, 1738281951033736238
-0.27746808528900146, 0.07169175148010254, 0.3882676942124842, 1738281951063737891
0.30981987714767456, 0.47723251581192017, 0.4088690853527513, 1738281951093861671
-0.3242950439453125, 0.06633061170578003, 0.4028965291156955, 1738281951125032645
0.02973330020904541, 0.28247082233428955, 0.3775768516261964, 1738281951157230164
-0.2964785099029541, 0.3361667990684509, 0.4734846584057657, 1738281951184003912
0.18923044204711914, 0.2775072455406189, 0.4471128368738806, 1738281951213951974
-0.48344892263412476, 0.2901816964149475, 0.3842929470733018, 1738281951236772641
0.3163492679595947, 0.3547600507736206, 0.44791678211823593, 1738281951274060252
0.15152066946029663, 0.1148344874382019, 0.406197263574702, 1738281951304320236
0.21005547046661377, 0.2974764108657837, 0.42475085020769987, 1738281951333156245
-0.026876211166381836, 0.014038264751434326, 0.37892652173153146, 1738281951364784189
-0.15580135583877563, 0.2704846262931824, 0.3747400641997325, 1738281951395793674
-0.1320188045501709, -0.015685439109802246, 0.43298900063402623, 1738281951424255873
-0.18497204780578613, 0.15963751077651978, 0.41045933215561753, 1738281951454462816
0.08814620971679688, 0.27608543634414673, 0.4191735464895843, 1738281951484245972
-0.12806057929992676, 0.2164505124092102, 0.43322146017699764, 1738281951514397457
-0.13187330961227417, 0.14759784936904907, 0.4184395585087909, 1738281951544322229
-0.022245943546295166, 0.5478029251098633, 0.39580443150877276, 1738281951574372919
-0.07926416397094727, -0.16781830787658691, 0.3975622291391496, 1738281951605275997
0.5018476843833923, 0.4810011386871338, 0.4180436444592958, 1738281951636946385
0.0909687876701355, 0.2961273789405823, 0.4501436506185279, 1738281951664526044
0.3005371689796448, 0.0599711537361145, 0.4025248162068031, 1738281951694486075
-0.14455342292785645, 0.17442721128463745, 0.4109201413665177, 1738281951724540845
-0.04204636812210083, 0.4144614338874817, 0.40587288454425324, 1738281951754584659
-0.21505528688430786, 0.214435875415802, 0.4010338977197433, 1738281951784669200
-0.6251763701438904, -0.20131206512451172, 0.40403233592000337, 1738281951814906780
-0.013871312141418457, 0.4185885190963745, 0.4012156795093877, 1738281951845328464
0.19016873836517334, 0.14546018838882446, 0.3763764983587273, 1738281951877440826
-0.23108524084091187, 0.18246132135391235, 0.46388926416561693, 1738281951904793602
0.19250577688217163, -0.041947901248931885, 0.4395286965120995, 1738281951934790531
0.12216442823410034, 0.07841843366622925, 0.41239958654068504, 1738281951964825267
0.18757414817810059, -0.1643691062927246, 0.40673797648623594, 1738281951994872673
-0.19373482465744019, 0.22291237115859985, 0.4233014474715264, 1738281952024899464
0.13156700134277344, 0.290610134601593, 0.4098168196860793, 1738281952054994920
-0.00976938009262085, -0.09325700998306274, 0.38818834827795845, 1738281952085221376
-0.07800185680389404, 0.1286853551864624, 0.3740781512171568, 1738281952117390549
-0.2181883454322815, 0.13513493537902832, 0.42484188429290126, 1738281952147167343
0.3388853073120117, 0.2395077347755432, 0.4608078265822509, 1738281952175045938
-0.3324297070503235, 0.1293654441833496, 0.3983038745947482, 1738281952205191530
-0.16859179735183716, 0.05063861608505249, 0.39123344561344037, 1738281952226182170
0.0922776460647583, 0.30931997299194336, 0.4717241538879278, 1738281952264234516
-0.14751243591308594, 0.05173385143280029, 0.4190641116091732, 1738281952295268135
0.1178053617477417, 0.4146854281425476, 0.41509071136507897, 1738281952325383462
-0.16691386699676514, 0.05111342668533325, 0.3685977747998392, 1738281952356854295
-0.19039905071258545, -0.043416619300842285, 0.35268409196455897, 1738281952388256122
0.04215973615646362, 0.6066420078277588, 0.4467732031049264, 1738281952415358065
-0.1126779317855835, 0.3401581645011902, 0.40679141013353104, 1738281952445404505
-0.1898026466369629, 0.38545697927474976, 0.4074699088768863, 1738281952475422638
-0.04715996980667114, 0.3082195520401001, 0.409722809000538, 1738281952505484514
-0.2561699151992798, 0.23930025100708008, 0.41132261976563744, 1738281952535535726
0.2297271490097046, 0.526689887046814, 0.43530964427910745, 1738281952565526387
0.14671456813812256, 0.13837885856628418, 0.4190483012404566, 1738281952596898199
-0.04420745372772217, 0.4013802409172058, 0.38574237638984077, 1738281952628958425
-0.17665469646453857, 0.5445530414581299, 0.45887578528990075, 1738281952655694464
0.13278645277023315, 0.19052469730377197, 0.4085446157236993, 1738281952685699873
-0.2088639736175537, -0.09101206064224243, 0.35410284624901234, 1738281952708697509
0.333016574382782, 0.2061721682548523, 0.44650540007579087, 1738281952745764108
-0.06558620929718018, 0.30246037244796753, 0.4061696629805252, 1738281952775834979
-0.1030309796333313, 0.46539175510406494, 0.41696549116325343, 1738281952805824051
-0.23670917749404907, 0.2336530089378357, 0.3857538403074967, 1738281952837169459
0.3245447874069214, 0.18592298030853271, 0.3807462177386634, 1738281952869040681
-0.08143806457519531, 0.1985769271850586, 0.45396896472930026, 1738281952896034431
0.12315940856933594, 0.003960967063903809, 0.4020413380984044, 1738281952926614722
-0.22774845361709595, 0.2550007700920105, 0.4110757692766973, 1738281952956644271
0.47504210472106934, 0.2776886820793152, 0.421648156880789, 1738281952986711546
-0.06587320566177368, 0.08197253942489624, 0.4354964964551247, 1738281953016826494
0.42995864152908325, 0.40945202112197876, 0.44282817082723036, 1738281953046712423
-0.1161908507347107, 0.2654293179512024, 0.44681191653425323, 1738281953076094383
0.04217374324798584, -0.008221566677093506, 0.37391034488501096, 1738281953109354636
-0.08547037839889526, 0.2680538296699524, 0.4417654077242178, 1738281953136611938
-0.06991565227508545, 0.014587819576263428, 0.3895287782168075, 1738281953166607017
-0.16048884391784668, 0.30409300327301025, 0.3846917209378596, 1738281953196702326
0.3781161904335022, -0.05639523267745972, 0.4016944631101938, 1738281953226597212
0.042224228382110596, 0.24395489692687988, 0.41751511840742644, 1738281953256646013
0.007291972637176514, 0.2273958921432495, 0.41813433820982365, 1738281953286728752
-0.17853420972824097, 0.05387192964553833, 0.44467516801542195, 1738281953316101481
0.15506219863891602, 0.15131264925003052, 0.3928284379437105, 1738281953349193071
-0.039550840854644775, 0.017392277717590332, 0.46715788111723344, 1738281953376755442
0.2475767731666565, -0.22435599565505981, 0.4170084343363382, 1738281953406820093
-0.20489054918289185, 0.39150869846343994, 0.38820272997117283, 1738281953436794173
0.4457884430885315, -0.16678428649902344, 0.394995273500495, 1738281953466787575
0.1270388960838318, 0.2711924910545349, 0.4075901453190615, 1738281953496824960
-0.0540432333946228, 0.2303907871246338, 0.38736852007691785, 1738281953526860467
-0.06351429224014282, 0.19341033697128296, 0.40726469132023346, 1738281953557317232
-0.4698438048362732, 0.28908878564834595, 0.40520134157582205, 1738281953588101676
-0.021680057048797607, 0.19445425271987915, 0.43224632434632837, 1738281953616976136
-0.19889354705810547, 0.3124980330467224, 0.4399528001975551, 1738281953646963499
-0.3720785975456238, 0.23762261867523193, 0.43847693564737716, 1738281953676928494
-0.03596794605255127, 0.48902153968811035, 0.4222495513840569, 1738281953706886051
-0.11128497123718262, 0.32674795389175415, 0.40782611090185306, 1738281953737016527
0.2513275146484375, -0.05588662624359131, 0.4095375043579887, 1738281953766912157
0.03644293546676636, 0.36402809619903564, 0.40420739851277643, 1738281953797680600
0.5266530513763428, 0.34903955459594727, 0.3903995242416913, 1738281953828078920
-0.09422904253005981, 0.3381912112236023, 0.4161629277594059, 1738281953857058368
0.013254880905151367, 0.27006834745407104, 0.42340193394444636, 1738281953886075207
0.04352450370788574, 0.37205058336257935, 0.4011506143347075, 1738281953916113858
0.08289164304733276, 0.0795336365699768, 0.38728244825768077, 1738281953947143323
-0.35179030895233154, 0.34655946493148804, 0.41732442774044154, 1738281953977160110
-0.2430359125137329, 0.24524754285812378, 0.4014274952144827, 1738281954007260939
0.418054461479187, 0.2805902361869812, 0.4174544303950277, 1738281954036302015
-0.2396036982536316, 0.1983867883682251, 0.3570650134575699, 1738281954069674669
0.3281022906303406, 0.08876979351043701, 0.41432807602047494, 1738281954099314156
-0.39264976978302, 0.33856940269470215, 0.4595993953687636, 1738281954127411731
0.0982164740562439, 0.07091248035430908, 0.42678574473509145, 1738281954157366492
-0.1909288763999939, 0.2620038390159607, 0.4302410257362766, 1738281954187431056
0.24222809076309204, 0.07730990648269653, 0.41624934459316054, 1738281954217458469
0.024252772331237793, -0.16053181886672974, 0.3969053668819981, 1738281954247534943
-0.27167022228240967, 0.47631406784057617, 0.42257822288470925, 1738281954277608513
0.0650516152381897, 0.28002452850341797, 0.387045128944329, 1738281954309594657
0.002488076686859131, -0.24775320291519165, 0.3742019276556463, 1738281954340378836
-0.31342989206314087, 0.23600423336029053, 0.44377265442517133, 1738281954377663424
-0.0999523401260376, 0.019507408142089844, 0.41338298733943407, 1738281954407745293
-0.020960092544555664, 0.0879586935043335, 0.406352863007551, 1738281954437754117
-0.10085850954055786, -0.07673311233520508, 0.39554416603736836, 1738281954469288185
-0.39885908365249634, 0.1288629174232483, 0.38654858028268707, 1738281954500906564
0.28581011295318604, 0.2852596640586853, 0.4624017120021429, 1738281954527889580
0.22058594226837158, -0.11232656240463257, 0.4185851311872884, 1738281954557880665
0.1447746753692627, 0.003959059715270996, 0.4305285962336915, 1738281954587923657
-0.07484561204910278, 0.30711525678634644, 0.43690472037493466, 1738281954617923111
0.06539279222488403, -0.10231977701187134, 0.41603096613188945, 1738281954647993686
-0.39570099115371704, 0.4562646150588989, 0.4212123898960758, 1738281954677096866
0.039920151233673096, -0.49519795179367065, 0.3775983055559544, 1738281954709277207
-0.5540043711662292, 0.13193672895431519, 0.3758553148808063, 1738281954741292527
-0.05166184902191162, 0.057317495346069336, 0.4370993671050409, 1738281954768195848
-0.05714237689971924, 0.17731720209121704, 0.40456979311167024, 1738281954798265032
-0.2559831142425537, -0.03284144401550293, 0.4025460598609204, 1738281954828197431
0.002527892589569092, 0.04817366600036621, 0.4202167036126114, 1738281954858197062
-0.13634741306304932, 0.1911468505859375, 0.420293166013541, 1738281954888462409
0.0964701771736145, 0.19613265991210938, 0.42456428027916027, 1738281954918357854
0.00915449857711792, -0.142076313495636, 0.41166277885419084, 1738281954949740894
0.2545938491821289, 0.25264972448349, 0.39756605520983956, 1738281954981534705
-0.0493200421333313, 0.04512524604797363, 0.46360981727701883, 1738281955008464916
-0.09695440530776978, 0.19755810499191284, 0.40737018062430824, 1738281955038397517
0.018631339073181152, -0.26363325119018555, 0.40117961490592224, 1738281955068487093
-0.48862189054489136, 0.37884408235549927, 0.4222788137069471, 1738281955098519020
-0.415044367313385, 0.0012732148170471191, 0.40684527408683097, 1738281955128547017
-0.41243481636047363, 0.42028212547302246, 0.40709212231869596, 1738281955158662017
0.09716391563415527, -0.13657373189926147, 0.41487755282989014, 1738281955189231166
0.2600034475326538, 0.18547070026397705, 0.4085124519528022, 1738281955221443337
-0.21678763628005981, 0.4288722276687622, 0.4549132036166405, 1738281955248816105
-0.006126701831817627, 0.18837350606918335, 0.3988916891603037, 1738281955278898061
-0.07609599828720093, -0.32030683755874634, 0.38646853951367893, 1738281955308774497
0.7389661073684692, 0.5968413352966309, 0.4248223683812348, 1738281955338802281
-0.11830699443817139, -0.005516111850738525, 0.4061006501181594, 1738281955368830733
-0.07004117965698242, 0.32969361543655396, 0.40791931233952744, 1738281955398895391
0.135300874710083, 0.11026346683502197, 0.41504531292324437, 1738281955429376073
-0.20398002862930298, 0.2096589207649231, 0.390774636963933, 1738281955461924890
0.22586166858673096, 0.31634950637817383, 0.46360751705570624, 1738281955489037163
-0.1945170760154724, 0.01492154598236084, 0.4211565379628889, 1738281955519034530
-0.3970445394515991, 0.2716214060783386, 0.4116405697100119, 1738281955549050001
0.21836912631988525, 0.1330476999282837, 0.407187389262748, 1738281955579113716
-0.05310201644897461, 0.0035306215286254883, 0.41285012870473836, 1738281955609130099
0.23222345113754272, 0.07899355888366699, 0.4131787039136084, 1738281955639157403
0.04686164855957031, -0.04728198051452637, 0.41264009068072677, 1738281955669217532
0.0834428071975708, -0.06343197822570801, 0.39164429809952367, 1738281955701269858
-0.0118333101272583, 0.11923515796661377, 0.4178087399967772, 1738281955731841108
0.12990254163742065, 0.16091787815093994, 0.4457446560463614, 1738281955759403520
0.20081138610839844, -0.07034862041473389, 0.3818185127733988, 1738281955789334886
0.0520399808883667, 0.038576722145080566, 0.40418470725407263, 1738281955819384208
-0.028701841831207275, -0.03951030969619751, 0.4231985760806719, 1738281955849425690
-0.042190611362457275, 0.001127779483795166, 0.4112639532149637, 1738281955879428142
0.20943164825439453, 0.11508345603942871, 0.40087402385524507, 1738281955909937770
-0.40900033712387085, -0.08489006757736206, 0.40732297971837433, 1738281955941324371
-0.09186053276062012, 0.41237759590148926, 0.4038360017087295, 1738281955972595538
-0.3250032663345337, -0.1465451717376709, 0.4644538520669583, 1738281955999671675
-0.050412535667419434, 0.3302977681159973, 0.41740367661483163, 1738281956029656700
0.05271434783935547, -0.11484485864639282, 0.4193630481863459, 1738281956059695017
-0.2790150046348572, 0.17684102058410645, 0.41894404944731234, 1738281956089725736
-0.00960838794708252, 0.1378772258758545, 0.4117455290777572, 1738281956119773003
-0.046887099742889404, 0.21623247861862183, 0.4189128217330911, 1738281956149810387
0.09959131479263306, 0.586279571056366, 0.38295365467708914, 1738281956181341682
-0.1801161766052246, -0.3378124237060547, 0.37017114257148026, 1738281956213146407
-0.27378976345062256, 0.5054413676261902, 0.493087857662187, 1738281956239964126
-0.1416265368461609, 0.3813650608062744, 0.42694216035897137, 1738281956269912727
-0.1474892497062683, 0.09628576040267944, 0.4053958570693896, 1738281956299092517
0.1763397455215454, 0.2787054777145386, 0.3945292404819263, 1738281956329988873
-0.2472262978553772, 0.2303680181503296, 0.40672821397779646, 1738281956359114432
0.05625945329666138, 0.45327693223953247, 0.3651529086006468, 1738281956390156787
0.08024734258651733, -0.07174468040466309, 0.3730406955206174, 1738281956421897414
0.1747148036956787, 0.24159133434295654, 0.4043640562386716, 1738281956453140041
-0.03922396898269653, 0.10022246837615967, 0.47648307294727055, 1738281956480373289
0.24645322561264038, 0.20928150415420532, 0.42835204926649284, 1738281956510443728
-0.004262089729309082, -0.1385454535484314, 0.4240572307470523, 1738281956540277965
0.4308739900588989, 0.4699564576148987, 0.4397043998787542, 1738281956570276086
0.024290263652801514, -0.06197154521942139, 0.41100944571502424, 1738281956600336845
0.05581212043762207, 0.3154413104057312, 0.40185337222581136, 1738281956630333498
-0.2179790735244751, 0.24703240394592285, 0.3975624174134709, 1738281956661424324
-0.015594005584716797, -0.06342935562133789, 0.3769670614085541, 1738281956693674381
-0.33509892225265503, 0.3296607732772827, 0.4444518573415094, 1738281956720518862
-0.1628832221031189, 0.06756949424743652, 0.403692259289388, 1738281956750644832
