x, y, theta, stamp, 
-1.9999351663361407, -0.5000010055693833, 3.705721607132043e-06, 123308000000, 
-1.9999351561462035, -0.5000010056809973, 3.7067009281832043e-06, 123342000000, 
-1.9999351494488244, -0.5000010056828033, 3.7075624781856505e-06, 123376000000, 
-1.9999351691438598, -0.5000010055819106, 3.708199997860558e-06, 123410000000, 
-1.9987806370413372, -0.5000010066698232, 4.820746942893621e-06, 123444000000, 
-1.9964703876060408, -0.5000010064647693, 5.383790949556095e-06, 123478000000, 
-1.993004856566043, -0.5000010060830834, 5.011976084406574e-06, 123512000000, 
-1.988383858035569, -0.500001001316696, 5.066533141245331e-06, 123546000000, 
-1.9826073911561537, -0.5000009933795853, 5.3846517671825605e-06, 123580000000, 
-1.9756754504610647, -0.5000009845063796, 5.420541091848944e-06, 123614000000, 
-1.968204227259822, -0.49999474216297873, 0.002628936541468628, 123648000000, 
-1.9607414507878858, -0.49994946266458873, 0.009925292112477078, 123682000000, 
-1.9532758247807764, -0.4998531302627901, 0.015441806786226557, 123716000000, 
-1.9458062032826493, -0.4997252962582899, 0.018847194645041025, 123750000000, 
-1.938339401732469, -0.49956765868412695, 0.02374588206053755, 123784000000, 
-1.930874785202221, -0.49936923074425127, 0.029440366985632606, 123818000000, 
-1.9234091126498811, -0.49913164011152, 0.03413399312223443, 123852000000, 
-1.915943771473697, -0.4988604904503343, 0.03863836119900531, 123886000000, 
-1.908480478032638, -0.4985536126141395, 0.04370753169190737, 123920000000, 
-1.9010183286479723, -0.49820883724769915, 0.048681947885162405, 123954000000, 
-1.886095899920576, -0.4974158564593174, 0.05747970773431867, 124022000000, 
-1.8786371490932896, -0.49697023017864506, 0.06203277260852467, 124056000000, 
-1.863724013175512, -0.4959788922615544, 0.07064081289038251, 124124000000, 
-1.8562699474789943, -0.4954364307418683, 0.07485536716001762, 124158000000, 
-1.8488179628058703, -0.4948621968361324, 0.07909562907157806, 124192000000, 
-1.8413673599189748, -0.4942576977491644, 0.08297830105372965, 124226000000, 
-1.826472584849759, -0.49296174329483883, 0.09085137583241244, 124294000000, 
-1.8190280350670323, -0.49227058954959646, 0.09450869937945477, 124328000000, 
-1.8041456504564337, -0.49080684602723507, 0.1018182430892983, 124396000000, 
-1.796707249181751, -0.49003540181323935, 0.10510299684047468, 124430000000, 
-1.7818377303159478, -0.48841877024456654, 0.1117632546285234, 124498000000, 
-1.7744071357917934, -0.48757463043982635, 0.1147164626754704, 124532000000, 
-1.7595562393851998, -0.48582286580602235, 0.12036943819113799, 124600000000, 
-1.7521363624939397, -0.48491583268845756, 0.12320034666868586, 124634000000, 
-1.7373065111906847, -0.483041990565876, 0.12822852780620453, 124702000000, 
-1.7298968107417985, -0.482078561940467, 0.1306965101564002, 124736000000, 
-1.7150853052566604, -0.4800969973101167, 0.13528885065429902, 124804000000, 
-1.7076823922077848, -0.47908212155169194, 0.13743596551303067, 124838000000, 
-1.700281372419325, -0.4780507930345423, 0.13961971648066746, 124872000000, 
-1.6928814752429844, -0.47700433111652313, 0.141473115386962, 124906000000, 
-1.6780865661845603, -0.47486986665759895, 0.1452626283588349, 124974000000, 
-1.67069106232507, -0.47378211218650534, 0.14690360308672656, 125008000000, 
-1.6559043794523163, -0.4715700045816697, 0.15022538399814966, 125076000000, 
-1.6485127666427966, -0.4704459942174428, 0.15165892208208007, 125110000000, 
-1.633733376011086, -0.4681659634755013, 0.15456412227498742, 125178000000, 
-1.6263451989822673, -0.46701027401010886, 0.15580976156069565, 125212000000, 
-1.6115723077123458, -0.46467098762809494, 0.1583625005568927, 125280000000, 
-1.6041872853776298, -0.46348735592538076, 0.15950386284467527, 125314000000, 
-1.5968028171857738, -0.4622955278535639, 0.16055489887591698, 125348000000, 
-1.5894190888979105, -0.46109609319644873, 0.16154966113553068, 125382000000, 
-1.5746541525107778, -0.45867451913250956, 0.16356816235618793, 125450000000, 
-1.5672724741824546, -0.45745307908776206, 0.16440691725883166, 125484000000, 
-1.559891562959979, -0.4562253632202238, 0.16528549483764288, 125518000000, 
-1.552511963451394, -0.45499100576376955, 0.1661698120289296, 125552000000, 
-1.5377576017929107, -0.4525054277958064, 0.16764328304955084, 125620000000, 
-1.5303836080052584, -0.45125457378801165, 0.16841420349410255, 125654000000, 
-1.5156411623363153, -0.44873833798249496, 0.16965881353038484, 125722000000, 
-1.5082725547361104, -0.4474737248966209, 0.17027261233785876, 125756000000, 
-1.5009052121383588, -0.44620460377818366, 0.17089365437365092, 125790000000, 
-1.49353867636773, -0.4449310405266374, 0.17146366935575216, 125824000000, 
-1.4788060819855378, -0.4423721606688785, 0.17247387959807725, 125892000000, 
-1.4714400773781176, -0.44108680101399855, 0.17300507803637097, 125926000000, 
-1.464074084265437, -0.43979767364659544, 0.1734649025716943, 125960000000, 
-1.4567081068309786, -0.43850517481359147, 0.1738946715395539, 125994000000, 
-1.4493421308758014, -0.43720951310516254, 0.17430126425592027, 126028000000, 
-1.441976218847422, -0.43591075079285246, 0.1747195173564937, 126062000000, 
-1.427244320458091, -0.43330408494761796, 0.17546304016319672, 126130000000, 
-1.4198782583398257, -0.4319967577300069, 0.1758010140663401, 126164000000, 
-1.4125121365183098, -0.43068688326671867, 0.17613091161755284, 126198000000, 
-1.4051461094407776, -0.42937454625580124, 0.17645898198778323, 126232000000, 
-1.3904155728828964, -0.4267430317013783, 0.17703681398250964, 126300000000, 
-1.3830516103779784, -0.42542439349426725, 0.17730361543731676, 126334000000, 
-1.375688785337135, -0.42410393492319737, 0.17756403252606692, 126368000000, 
-1.3683271657845975, -0.422781747473249, 0.17782232750106763, 126402000000, 
-1.3536070966933336, -0.4201322692872278, 0.17829644541014072, 126470000000, 
-1.3462482033017769, -0.418805152281828, 0.17851284109587848, 126504000000, 
-1.338889677687765, -0.41747650591757973, 0.17871291926861987, 126538000000, 
-1.331531249936295, -0.41614638466495474, 0.17890697278561, 126572000000, 
-1.3168137603563081, -0.41348174836932505, 0.17927747938074484, 126640000000, 
-1.3094546278069128, -0.4121472533898899, 0.17945550974095476, 126674000000, 
-1.302095164301868, -0.4108114561723772, 0.17960764852479488, 126708000000, 
-1.2947354122319399, -0.4094744516573926, 0.17976676688066962, 126742000000, 
-1.2800150846581655, -0.40679664908893504, 0.18007392025874933, 126810000000, 
-1.2726546963824301, -0.40545607205294226, 0.18020648922898524, 126844000000, 
-1.265294472753663, -0.4041145751049688, 0.18033129001404818, 126878000000, 
-1.2579346307678756, -0.4027721796404039, 0.18045436343868435, 126912000000, 
-1.243216749550399, -0.40008509313587504, 0.18068602052421445, 126980000000, 
-1.2358588556019725, -0.39874041163667856, 0.1807982622554057, 127014000000, 
-1.2285016117940892, -0.39739508604773954, 0.18089415775514428, 127048000000, 
-1.221144912205206, -0.3960491202448868, 0.18098906176633042, 127082000000, 
-1.2064325106058198, -0.3933552725003187, 0.1811769656937873, 127150000000, 
-1.1990764359054193, -0.39200730322801125, 0.18126411389981842, 127184000000, 
-1.1917201812743583, -0.3906587132780642, 0.18133949101756006, 127218000000, 
-1.1843636349996054, -0.38930948814438554, 0.18141530476137788, 127252000000, 
-1.1696494924485923, -0.38660913266786157, 0.1815630675940992, 127320000000, 
-1.1622919462505732, -0.3852580562521326, 0.18163244054368258, 127354000000, 
-1.1549342258329023, -0.38390646269607265, 0.181692854956427, 127388000000, 
-1.1475764624801195, -0.38255440150601405, 0.18175299735428488, 127422000000, 
-1.1328613979143476, -0.3798490429419554, 0.1818702851945653, 127490000000, 
-1.1255043246007104, -0.37849579602933836, 0.18192543362354557, 127524000000, 
-1.1181476303796134, -0.377142234202954, 0.18197329419610841, 127558000000, 
-1.1107913500975841, -0.3757883951073185, 0.1820211039762843, 127592000000, 
-1.0960798330699473, -0.3730798299482141, 0.1821146020483132, 127660000000, 
-1.0887244370111944, -0.3717250996576468, 0.18215842803709137, 127694000000, 
-1.0740137685119744, -0.3690147526294257, 0.18223665527813687, 127762000000, 
-1.0666583194874169, -0.36765910370315663, 0.18227739180267896, 127796000000, 
-1.0593026754695458, -0.3663031308967119, 0.1823130984933295, 127830000000, 
-1.0519468068021536, -0.36494685592339127, 0.18234646521709402, 127864000000, 
-1.0445907168251987, -0.3635902962093185, 0.18237794713887714, 127898000000, 
-1.0372344399237192, -0.3622334730371268, 0.1824088810065258, 127932000000, 
-1.022521593213303, -0.35951909826248407, 0.18246723747165725, 128000000000, 
-1.0151652209793738, -0.3581615978349481, 0.18249551554508164, 128034000000, 
-1.0004529175107104, -0.35544610005375954, 0.18254488530326132, 128102000000, 
-0.993097093028848, -0.3540881270965235, 0.18257040491100407, 128136000000, 
-0.9857414895683188, -0.3527300192777089, 0.18259195745124676, 128170000000, 
-0.978386113194554, -0.3513717981067691, 0.18261253517682297, 128204000000, 
-0.9636758383927383, -0.34865497763594405, 0.18265368892688727, 128272000000, 
-0.9563208232489313, -0.347296363392045, 0.1826733090272101, 128306000000, 
-0.9489657800319128, -0.345937599590071, 0.18269097295723433, 128340000000, 
-0.9416106588732345, -0.3445786912340277, 0.18270817858261315, 128374000000, 
-0.9269000524233866, -0.34186044153901796, 0.1827402959159274, 128442000000, 
-0.9195445451468294, -0.3405010981471941, 0.18275602664254775, 128476000000, 
-0.9048331881046154, -0.337782028644221, 0.18278367291407402, 128544000000, 
-0.8974774081745525, -0.33642231428274705, 0.18279799647565284, 128578000000, 
-0.8901216555253064, -0.33506250811260613, 0.18281046420047425, 128612000000, 
-0.8827659665756938, -0.33370261935521356, 0.18282210727038903, 128646000000, 
-0.8754103966693358, -0.33234267195565054, 0.18283316166539604, 128680000000, 
-0.8680549561794272, -0.3309826623519074, 0.18284399396196188, 128714000000, 
-0.8533445494085506, -0.3282625032709796, 0.18286433700220653, 128782000000, 
-0.8459895113483554, -0.3269023378706965, 0.1828742335908626, 128816000000, 
-0.8312796298340791, -0.32418184344564127, 0.1828914670013583, 128884000000, 
-0.8239246923994866, -0.3228214966913859, 0.18290037164482104, 128918000000, 
-0.8165696980246945, -0.32146107859676554, 0.18290787773189626, 128952000000, 
-0.8092146121937216, -0.3201005862988728, 0.18291504741762868, 128986000000, 
-0.7945041824039017, -0.3173793962403375, 0.18292900432371775, 129054000000, 
-0.7871488225319535, -0.3160186974937574, 0.18293519256119886, 129088000000, 
-0.7724379854704593, -0.313297137621816, 0.18294787682713268, 129156000000, 
-0.7650825657659494, -0.31193628952273533, 0.18295323481926482, 129190000000, 
-0.7577271908907922, -0.31057540934900135, 0.18295875398516379, 129224000000, 
-0.7503718873866183, -0.30921449917892696, 0.1829643805044265, 129258000000, 
-0.7356615302688441, -0.30649261140033834, 0.1829739574253414, 129326000000, 
-0.7283064737362903, -0.3051316352060696, 0.1829789591771914, 129360000000, 
-0.7135965614264302, -0.3024096150005275, 0.18298739536413, 129428000000, 
-0.7062416570750754, -0.30104856794283097, 0.18299124497257518, 129462000000, 
-0.6988867577810053, -0.29968749300945535, 0.18299523613261742, 129496000000, 
-0.6915318047631769, -0.29832637653007754, 0.18299904841189826, 129530000000, 
-0.6768217227984641, -0.2956040332834228, 0.18300555369664864, 129598000000, 
-0.6694665879128202, -0.29424280732166774, 0.18300874550915103, 129632000000, 
-0.6547561741055449, -0.2915202559190663, 0.18301488379112724, 129700000000, 
-0.6474009294484414, -0.2901589401306526, 0.18301748414638708, 129734000000, 
-0.6400456950528111, -0.28879760659145115, 0.1830202099666797, 129768000000, 
-0.632690483579286, -0.28743625575596965, 0.18302293156631352, 129802000000, 
-0.6179802096784891, -0.28471352682491174, 0.18302743069151303, 129870000000, 
-0.610625160294344, -0.2833521532417325, 0.18302964075564285, 129904000000, 
-0.5959151848042991, -0.2806293774437034, 0.18303391361087992, 129972000000, 
-0.5885602375644713, -0.27926797348446153, 0.1830357118829308, 130006000000, 
-0.5812052982124805, -0.27790655703010203, 0.18303761077751998, 130040000000, 
-0.5738503483664301, -0.27654512328272024, 0.1830395047250504, 130074000000, 
-0.5591403790937788, -0.2738222038122689, 0.18304263195503995, 130142000000, 
-0.5517853295185772, -0.272460714079805, 0.18304417951941085, 130176000000, 
-0.5444302416916135, -0.2710992053967956, 0.1830457238761296, 130210000000, 
-0.5370751225287119, -0.2697376790399003, 0.18304716362825696, 130244000000, 
-0.522364888890966, -0.2670145970954985, 0.18304975062740372, 130312000000, 
-0.515009768929062, -0.26565303995224704, 0.18305107512806, 130346000000, 
-0.5076546770759578, -0.26429147883661985, 0.18305218484964594, 130380000000, 
-0.5002996075692432, -0.26292991309624353, 0.18305326285586887, 130414000000, 
-0.4929445846327855, -0.2615683478673702, 0.18305434409189394, 130448000000, 
-0.48558957838256206, -0.26020677698997297, 0.18305542274677866, 130482000000, 
-0.4708796253333939, -0.2574836222916789, 0.18305730875148077, 130550000000, 
-0.46352464227642676, -0.25612203307000886, 0.18305819411524357, 130584000000, 
-0.456169653908466, -0.25476043592955405, 0.18305905721060664, 130618000000, 
-0.4488146493422027, -0.25339882902576066, 0.18305990955713788, 130652000000, 
-0.43410464555491357, -0.25067559761385755, 0.18306143240332473, 130720000000, 
-0.4267496283059777, -0.24931397056763127, 0.18306213933478568, 130754000000, 
-0.41203958251432254, -0.24659069799668346, 0.183063517626752, 130822000000, 
-0.4046845542459557, -0.2452290527806711, 0.1830641796333342, 130856000000, 
-0.3973295129603285, -0.2438674001118997, 0.18306478116029185, 130890000000, 
-0.38997446671784247, -0.2425057418428615, 0.1830653618604125, 130924000000, 
-0.3752643736712519, -0.2397824123249132, 0.1830664528196948, 130992000000, 
-0.3679093142450068, -0.23842073857994814, 0.18306699840766863, 131026000000, 
-0.36055424832444766, -0.2370590595144331, 0.18306749025381883, 131060000000, 
-0.3531992121120684, -0.2356973823388441, 0.1830679566357603, 131094000000, 
-0.3384891643331306, -0.23297402228640546, 0.1830688393718213, 131162000000, 
-0.3311341599047558, -0.23161234079459425, 0.18306927351732155, 131196000000, 
-0.31642418167891356, -0.22888897440055694, 0.1830700179916814, 131264000000, 
-0.3090692071593664, -0.22752728966348132, 0.18307037938704282, 131298000000, 
-0.3017142244502645, -0.22616560045654852, 0.18307073980944594, 131332000000, 
-0.29435923168369704, -0.2248039066017522, 0.1830710808392013, 131366000000, 
-0.27964922530206493, -0.22208050770227222, 0.18307169207981513, 131434000000, 
-0.27229421648627133, -0.2207188035537225, 0.1830720099501295, 131468000000, 
-0.26493919419291095, -0.21935709442469942, 0.1830722904055889, 131502000000, 
-0.25758416642925525, -0.21799538209795302, 0.1830725547126664, 131536000000, 
-0.24287410347016433, -0.21527195038921512, 0.18307306567286943, 131604000000, 
-0.2355190579837443, -0.21391022916807437, 0.1830733155288904, 131638000000, 
-0.2208090155996752, -0.21118679081602976, 0.18307374830083065, 131706000000, 
-0.2134540012549653, -0.20982507041619483, 0.18307395881066651, 131740000000, 
-0.20609901204135378, -0.20846335312207273, 0.18307416756258732, 131774000000, 
-0.19874402219364143, -0.20710163411008453, 0.1830743657567794, 131808000000, 
-0.18403405678116924, -0.20437819444335292, 0.18307471491332805, 131876000000, 
-0.17667906303930278, -0.20301647055247204, 0.18307488540089487, 131910000000, 
-0.16196905774597856, -0.20029301535611324, 0.18307521692674866, 131978000000, 
-0.1546140408731376, -0.19893128322314996, 0.1830753612360062, 132012000000, 
-0.14725901387713747, -0.1975695481536519, 0.18307551164862904, 132046000000, 
-0.13990397682428532, -0.19620781025430223, 0.1830756628527947, 132080000000, 
-0.1251939182505705, -0.19348433453726757, 0.1830759216640063, 132148000000, 
-0.11783891548164148, -0.19212260028269737, 0.18307604797646182, 132182000000, 
-0.11048391121729532, -0.19076086477822352, 0.183076174716421, 132216000000, 
-0.10312893312530194, -0.18939913312727197, 0.1830762938871015, 132250000000, 
-0.08841897821688778, -0.18667566760337653, 0.1830765106886079, 132318000000, 
-0.08106399208997474, -0.18531393201389207, 0.18307662123490323, 132352000000, 
-0.06635400402383582, -0.18259045538657956, 0.1830768115522787, 132420000000, 
-0.05899899893168421, -0.1812287138329033, 0.18307690601473076, 132454000000, 
-0.05164398387182265, -0.17986696968172713, 0.1830770010027741, 132488000000, 
-0.04428895859253568, -0.1785052230058928, 0.1830770914811745, 132522000000, 
-0.029578882321601677, -0.17578172349168056, 0.1830772560979303, 132590000000, 
-0.022223861518332454, -0.17441997613955157, 0.18307733710248347, 132624000000, 
-0.007513845080900111, -0.1716964845272748, 0.18307749372280285, 132692000000, 
-0.0001588532446306453, -0.17033474099377702, 0.1830775631922939, 132726000000, 
0.007196131095865088, -0.16897299821387016, 0.18307763420366735, 132760000000, 
0.014551096254571929, -0.16761125844480704, 0.1830777048586498, 132794000000, 
0.02926107199916836, -0.16488776892111365, 0.18307783040772166, 132862000000, 
0.036616073522325654, -0.16352602088644597, 0.1830778920053998, 132896000000, 
0.05132609149826072, -0.16080252045433982, 0.1830780146800875, 132964000000, 
0.058681113593193696, -0.15944076717931174, 0.18307807035279364, 132998000000, 
0.06603614568843315, -0.15807901172171396, 0.18307812819931302, 133032000000, 
0.07339117193416682, -0.15671725720205, 0.1830781863296497, 133066000000, 
0.08810117715933241, -0.1539937557402138, 0.18307828980743593, 133134000000, 
0.09545617021588305, -0.15263200624827908, 0.18307834049920133, 133168000000, 
0.11016612857647633, -0.14990851114896697, 0.18307843871796875, 133236000000, 
0.11752111469185406, -0.1485467617636576, 0.18307848338163965, 133270000000, 
0.12487611084484716, -0.14718501013841792, 0.18307852907156805, 133304000000, 
0.13223111703420964, -0.1458232562303719, 0.1830785749529139, 133338000000, 
0.14694115870080396, -0.14309974197572783, 0.18307866008317783, 133406000000, 
0.15429617670645482, -0.141737984876533, 0.18307870241440977, 133440000000, 
0.16165119535881411, -0.14037622734734342, 0.1830787450747576, 133474000000, 
0.16900618799446615, -0.13901447438807435, 0.1830787867032091, 133508000000, 
0.18371616536567786, -0.13629096948575692, 0.18307886639204618, 133576000000, 
0.19107115420168017, -0.13492921661930096, 0.18307890637123922, 133610000000, 
0.20578115073587666, -0.13220570637122792, 0.18307898030726488, 133678000000, 
0.2131361634440048, -0.13084394810833763, 0.183079016296377, 133712000000, 
0.22049118637692905, -0.1294821876989162, 0.18307905226770035, 133746000000, 
0.2278462003460828, -0.12812042878639293, 0.1830790872390589, 133780000000, 
0.2425561937116642, -0.12539691619216, 0.18307915415032885, 133848000000, 
0.24991118624134423, -0.1240351602214614, 0.18307918806073079, 133882000000, 
0.26462118070514656, -0.12131164572463173, 0.18307925587834256, 133950000000, 
0.27197619249610666, -0.11994988549576478, 0.18307928891823913, 133984000000, 
0.27933121152179197, -0.11858812387830016, 0.18307932252366174, 134018000000, 
0.28668620287020197, -0.1172263670837077, 0.18307935576433007, 134052000000, 
0.30139618507094545, -0.11450285301174225, 0.18307941910225747, 134120000000, 
0.3087511769083451, -0.11314109545198765, 0.18307944967542508, 134154000000, 
0.31610616933735014, -0.11177933750665224, 0.18307948010926706, 134188000000, 
0.3234611705348538, -0.11041757766902337, 0.18307951015233623, 134222000000, 
0.33817120322015454, -0.10769405156234764, 0.18307956898774572, 134290000000, 
0.345526227162546, -0.10633228677576965, 0.18307959917878439, 134324000000, 
0.36023622401821387, -0.10360876570793426, 0.18307965815630303, 134392000000, 
0.3675912150381146, -0.10224700627607707, 0.18307968780233388, 134426000000, 
0.38230117904775246, -0.09952349027783472, 0.18307974761046383, 134494000000, 
0.3896561761787524, -0.09816172929142454, 0.1830797769833037, 134528000000, 
0.39701117779792966, -0.09679996720713485, 0.18307980604839436, 134562000000, 
0.4043661857234033, -0.09543820370003311, 0.1830798348274519, 134596000000, 
0.41907622893042873, -0.09271467088426344, 0.18307989145702067, 134664000000, 
0.4264312376700933, -0.09135290665461084, 0.18307991878603694, 134698000000, 
0.4411412293526687, -0.08862938196429802, 0.18307997382193592, 134766000000, 
0.44849620516506267, -0.08726762300192291, 0.18308000157695795, 134800000000, 
0.4558511895887071, -0.08590586201897088, 0.18308002964487707, 134834000000, 
0.46320618447983436, -0.08454409891846186, 0.183080058244033, 134868000000, 
0.4705611897011639, -0.08318233383794835, 0.18308008696231923, 134902000000, 
0.4779162005227932, -0.08182056754256252, 0.1830801157759409, 134936000000, 
0.49262623038892184, -0.0790970329551607, 0.18308017339374058, 135004000000, 
0.4999812309982146, -0.07773526812637738, 0.1830802015459862, 135038000000, 
0.5073362283078149, -0.07637350357650387, 0.18308022938778523, 135072000000, 
0.5146912038105012, -0.07501174279006682, 0.1830802567236351, 135106000000, 
0.5220461982345438, -0.07364997829067697, 0.18308028413153254, 135140000000, 
0.5294012028964874, -0.07228821175227963, 0.18308031166863475, 135174000000, 
0.5441112279204436, -0.06956467487353528, 0.18308036615850792, 135242000000, 
0.5514662354893247, -0.06820290692041871, 0.18308039378513138, 135276000000, 
0.5661762197694548, -0.0654793760227896, 0.18308044928031816, 135344000000, 
0.5735311944876333, -0.06411761351206412, 0.18308047772941982, 135378000000, 
0.5808861882020626, -0.0627558473749962, 0.18308050680108903, 135412000000, 
0.5882411922461949, -0.06139407927530603, 0.183080535964948, 135446000000, 
0.6029512163203105, -0.058670539387196866, 0.18308059358342976, 135514000000, 
0.61030622934462, -0.05730876883880408, 0.1830806219501863, 135548000000, 
0.6176612286800082, -0.05594700075884148, 0.18308064951283193, 135582000000, 
0.6250162246574605, -0.05458523298232245, 0.18308067713700063, 135616000000, 
0.6397261918605914, -0.051861701221176344, 0.1830807328416597, 135684000000, 
0.6470811951535993, -0.05049993136148648, 0.18308076108868987, 135718000000, 
0.6617912174730289, -0.0477763877564524, 0.18308081960557923, 135786000000, 
0.6691462237711647, -0.0464146165365303, 0.183080848924541, 135820000000, 
0.6765012091481434, -0.04505284903930627, 0.18308087834657263, 135854000000, 
0.6838562056864522, -0.043691079360438596, 0.18308090859023732, 135888000000, 
0.6985661718157823, -0.04096754439228513, 0.18308096877780164, 135956000000, 
0.7059211746916096, -0.03960577297749967, 0.18308099864295174, 135990000000, 
0.7206311962853236, -0.03688222635470777, 0.18308105808466282, 136058000000, 
0.7279862110694494, -0.03552045194237893, 0.1830810877357594, 136092000000, 
0.7353412219553737, -0.034158678064086304, 0.18308111694196655, 136126000000, 
0.7426962199309755, -0.03279690625987249, 0.18308114638643272, 136160000000, 
0.7574061853332922, -0.030073367407598254, 0.18308120726664062, 136228000000, 
0.7647611593464578, -0.028711599161214213, 0.18308123758385175, 136262000000, 
0.7721161480307204, -0.027349827957440283, 0.18308126870103608, 136296000000, 
0.7794711468691073, -0.02598805468194907, 0.18308130054532734, 136330000000, 
0.7941811741880168, -0.023264502387039844, 0.18308136502061798, 136398000000, 
0.8015361964265092, -0.021902724323593175, 0.18308139733468942, 136432000000, 
0.8088912046172064, -0.020540948560250946, 0.1830814299937718, 136466000000, 
0.8162461988326227, -0.019179175217006066, 0.18308146179417847, 136500000000, 
0.8309561705271339, -0.01645563071760182, 0.18308152428309712, 136568000000, 
0.8383111564132717, -0.015093858113629397, 0.18308155561621142, 136602000000, 
0.8530211381459237, -0.012370310047393461, 0.1830816198927369, 136670000000, 
0.8603761434429893, -0.011008532817745054, 0.18308165269543578, 136704000000, 
0.867731159018016, -0.009646753441316379, 0.18308168595853827, 136738000000, 
0.8750861848107204, -0.008284972062050444, 0.18308171989268282, 136772000000, 
0.8897961831097077, -0.005561418604278724, 0.18308178858099622, 136840000000, 
0.8971511746300113, -0.004199642975835563, 0.18308182292843828, 136874000000, 
0.9118611299134203, -0.0014760960503435267, 0.1830818916403183, 136942000000, 
0.9192161212277392, -0.00011431967870892068, 0.18308192615850957, 136976000000, 
0.9265711169520039, 0.0012474578280760097, 0.18308196020854572, 137010000000, 
0.9339261189228539, 0.0026092367745802086, 0.18308199427233154, 137044000000, 
0.9486361527480535, 0.005332801151524015, 0.1830820646897217, 137112000000, 
0.9559911687448933, 0.006694583522517616, 0.18308209978156473, 137146000000, 
0.9633461714939543, 0.008056363874190444, 0.18308213518350397, 137180000000, 
0.9707011533360218, 0.009418140628584063, 0.18308217130716095, 137214000000, 
0.9780561361014928, 0.010779917749697825, 0.18308220832131597, 137248000000, 
0.985411110439304, 0.012141693612574085, 0.1830822451594945, 137282000000, 
1.000121098836907, 0.014865253135952192, 0.18308232154835172, 137350000000, 
1.00747610380031, 0.01622703532048238, 0.18308235972065703, 137384000000, 
1.0148311135293036, 0.01758881868901114, 0.18308239734462886, 137418000000, 
1.0221861249195765, 0.01895060267828251, 0.18308243494128718, 137452000000, 
1.0368961270028125, 0.021674167662038526, 0.18308251033827957, 137520000000, 
1.044251100710984, 0.023035945572134713, 0.18308254801477244, 137554000000, 
1.0516060887385774, 0.024397726542901326, 0.18308258633515206, 137588000000, 
1.0589610871680901, 0.02575950970198589, 0.18308262525720992, 137622000000, 
1.0736710997997905, 0.028483080066831486, 0.18308270392580883, 137690000000, 
1.0810261071051015, 0.02984486589319859, 0.1830827444606385, 137724000000, 
1.095736091173095, 0.032568432312947475, 0.18308282775421228, 137792000000, 
1.1030910658948714, 0.03393021275043625, 0.1830828693894519, 137826000000, 
1.1178010512282308, 0.03665378124312811, 0.1830829525889014, 137894000000, 
1.1251560546684471, 0.038015567998658135, 0.183082994863078, 137928000000, 
1.1325110628099135, 0.03937735595144945, 0.18308303687923175, 137962000000, 
1.1398660725704286, 0.040739144544636514, 0.18308307898971538, 137996000000, 
1.1545760713576352, 0.0434627189162114, 0.18308316339383546, 138064000000, 
1.1619310434037964, 0.044824501659539655, 0.18308320714285778, 138098000000, 
1.1692860297876668, 0.04618628750118754, 0.18308325105389495, 138132000000, 
1.1766410266193608, 0.04754807548834407, 0.1830832956809073, 138166000000, 
1.191351036227912, 0.05027165536302371, 0.1830833886845405, 138234000000, 
1.1987060420594482, 0.05163344594047055, 0.18308343516911837, 138268000000, 
1.2060610342470757, 0.052995234146966115, 0.18308348265084395, 138302000000, 
1.2134160231501099, 0.054357022209612034, 0.1830835300869024, 138336000000, 
1.228125982163829, 0.057080596068815846, 0.18308362323848834, 138404000000, 
1.2354809784103475, 0.05844238656407815, 0.18308367037712314, 138438000000, 
1.2501909865721457, 0.061165971731285275, 0.18308376654918068, 138506000000, 
1.257546001669518, 0.06252776699834285, 0.1830838153175023, 138540000000, 
1.2649010148431847, 0.06388956232233459, 0.1830838644719066, 138574000000, 
1.2722560017185367, 0.06525135326495224, 0.18308391406004157, 138608000000, 
1.2869659672641311, 0.06797493453618181, 0.18308401723843612, 138676000000, 
1.2943209385639067, 0.06933672349222376, 0.18308406938918464, 138710000000, 
1.3090309126542194, 0.07206030842453075, 0.1830841747422776, 138778000000, 
1.3163859153430084, 0.07342210432617506, 0.18308422897126309, 138812000000, 
1.3237409263899738, 0.07478390219215508, 0.1830842823705415, 138846000000, 
1.3310959417308927, 0.07614570130031295, 0.18308433592742493, 138880000000, 
1.338450950052061, 0.07750749960933849, 0.18308439159706305, 138914000000, 
1.3458059504251778, 0.07886929669724815, 0.1830844462725907, 138948000000, 
1.3605159166437542, 0.08159288609695613, 0.18308455571303056, 139016000000, 
1.3678708955737255, 0.08295468073284745, 0.1830846127391546, 139050000000, 
1.3825808627805611, 0.08567827321663837, 0.1830847290733806, 139118000000, 
1.3899358609124457, 0.08704007277057883, 0.18308478847420542, 139152000000, 
1.3972908693492294, 0.08840187457223879, 0.1830848508703652, 139186000000, 
1.4046458880045898, 0.08976367856124036, 0.18308491314844988, 139220000000, 
1.419355895159467, 0.09248728240809533, 0.18308503598769482, 139288000000, 
1.426710874067607, 0.09384908055986661, 0.18308509759473873, 139322000000, 
1.4340658549015821, 0.09521087943165919, 0.18308515953274798, 139356000000, 
1.4414208258986878, 0.09657267709134668, 0.1830852222805906, 139390000000, 
1.4561307975643596, 0.0992962793427102, 0.18308535189545158, 139458000000, 
1.4634857917930082, 0.10065808289187098, 0.18308541712001863, 139492000000, 
1.4708407959536287, 0.102019888884549, 0.18308548630490812, 139526000000, 
1.4781958100708488, 0.1033816972963621, 0.18308555598196216, 139560000000, 
1.492905813375539, 0.10610531071439426, 0.18308569491304855, 139628000000, 
1.5002607875469043, 0.1074671130418019, 0.18308576648456368, 139662000000, 
1.5076157728184916, 0.10882891790218334, 0.1830858406012929, 139696000000, 
1.51497075978241, 0.11019072362341473, 0.18308591452184883, 139730000000, 
1.5296807562032166, 0.11291434103735805, 0.18308606339497774, 139798000000, 
